Poligon,ORIGEN,PRO_F,ccaa_F,ESTRATOIFN,Superficie,NUT2_NOM,NUT3_NOM,TipesTR25,DesTipEstr,FCCARB,FORARB,FormArbol,n_distribu,Distribuci,n_sp1,Especie1,O1,n_estado1,Estado1,n_sp2,Especie2,O2,n_estado2,Estado2,n_sp3,Especie3,O3,n_estado3,Estado3,FCCMAT,n_FORmat,FormArbust,HMMAT,FCCHER,n_FORHER,FormHerbac,n_ATRIBUTO,atributo,FCCTOT,n_MODCOM,ModeloComb,TIPOBOSQUE,n_CLAIFN,UsoIFN,n_CLAMFE,UsoMFE,n_REGBIO,RegBio,LULUCF,Shape_Area,fid,Severitat
"2413188",MFE25,"25","51","65",5.78428165246,Cataluña,Lleida,"11",Bosque,"10","403",Mezcla de coníferas y frondosas autóctonas en la región biogeográfica Mediterránea,"6",Discontinua irregular,"37",Juniperus communis,"40","2",Monte bravo,"243",Quercus humilis (Q. Pubescens),"30","2",Monte bravo,"45",Quercus ilex,"20","2",Monte bravo,"60","120","Bujedos (Buxus sempervirens, B. balearica)","13","30","0",,"0",Sin atributo,"100","6",Parecido al modelo 5 pero con especies más inflamables o con restos de podasy pl de mayor talla,Masas mixtas,"121",Monte con arbolado ralo. Bosque,"120",Arbolado ralo,"4",Mediterránea,"210",57842.8165246,"128","4"
"2213721",MFE25,"25","51","51",20.1521668854,Cataluña,Lleida,"11",Bosque,"65","403",Mezcla de coníferas y frondosas autóctonas en la región biogeográfica Mediterránea,"1",Uniforme,"243",Quercus humilis (Q. Pubescens),"60","3",Latizal,"24",Pinus halepensis,"30","3",Latizal,"0",sin datos,"0","0",Sin datos,"20","160",Garrigas (matorrales pluriespecíficos calcícolas + termófilos),"7","15","0",,"9",Abancalado,"100","5",Matorral  denso y  verde (h<1 m). Propagación del fuego por la hojarasca y el pasto,Masas mixtas,"111",Monte arbolado. Bosque,"110",Arbolado,"4",Mediterránea,"131",201521.668854,"3","2"
"2413188",MFE25,"25","51","65",5.78428165246,Cataluña,Lleida,"11",Bosque,"10","403",Mezcla de coníferas y frondosas autóctonas en la región biogeográfica Mediterránea,"6",Discontinua irregular,"37",Juniperus communis,"40","2",Monte bravo,"243",Quercus humilis (Q. Pubescens),"30","2",Monte bravo,"45",Quercus ilex,"20","2",Monte bravo,"60","120","Bujedos (Buxus sempervirens, B. balearica)","13","30","0",,"0",Sin atributo,"100","6",Parecido al modelo 5 pero con especies más inflamables o con restos de podasy pl de mayor talla,Masas mixtas,"121",Monte con arbolado ralo. Bosque,"120",Arbolado ralo,"4",Mediterránea,"210",57842.8165246,"9","3"
"2213721",MFE25,"25","51","51",20.1521668854,Cataluña,Lleida,"11",Bosque,"65","403",Mezcla de coníferas y frondosas autóctonas en la región biogeográfica Mediterránea,"1",Uniforme,"243",Quercus humilis (Q. Pubescens),"60","3",Latizal,"24",Pinus halepensis,"30","3",Latizal,"0",sin datos,"0","0",Sin datos,"20","160",Garrigas (matorrales pluriespecíficos calcícolas + termófilos),"7","15","0",,"9",Abancalado,"100","5",Matorral  denso y  verde (h<1 m). Propagación del fuego por la hojarasca y el pasto,Masas mixtas,"111",Monte arbolado. Bosque,"110",Arbolado,"4",Mediterránea,"131",201521.668854,"1","1"
"2413188",MFE25,"25","51","65",5.78428165246,Cataluña,Lleida,"11",Bosque,"10","403",Mezcla de coníferas y frondosas autóctonas en la región biogeográfica Mediterránea,"6",Discontinua irregular,"37",Juniperus communis,"40","2",Monte bravo,"243",Quercus humilis (Q. Pubescens),"30","2",Monte bravo,"45",Quercus ilex,"20","2",Monte bravo,"60","120","Bujedos (Buxus sempervirens, B. balearica)","13","30","0",,"0",Sin atributo,"100","6",Parecido al modelo 5 pero con especies más inflamables o con restos de podasy pl de mayor talla,Masas mixtas,"121",Monte con arbolado ralo. Bosque,"120",Arbolado ralo,"4",Mediterránea,"210",57842.8165246,"3","2"
"2213721",MFE25,"25","51","51",20.1521668854,Cataluña,Lleida,"11",Bosque,"65","403",Mezcla de coníferas y frondosas autóctonas en la región biogeográfica Mediterránea,"1",Uniforme,"243",Quercus humilis (Q. Pubescens),"60","3",Latizal,"24",Pinus halepensis,"30","3",Latizal,"0",sin datos,"0","0",Sin datos,"20","160",Garrigas (matorrales pluriespecíficos calcícolas + termófilos),"7","15","0",,"9",Abancalado,"100","5",Matorral  denso y  verde (h<1 m). Propagación del fuego por la hojarasca y el pasto,Masas mixtas,"111",Monte arbolado. Bosque,"110",Arbolado,"4",Mediterránea,"131",201521.668854,"128","4"
"2213721",MFE25,"25","51","51",20.1521668854,Cataluña,Lleida,"11",Bosque,"65","403",Mezcla de coníferas y frondosas autóctonas en la región biogeográfica Mediterránea,"1",Uniforme,"243",Quercus humilis (Q. Pubescens),"60","3",Latizal,"24",Pinus halepensis,"30","3",Latizal,"0",sin datos,"0","0",Sin datos,"20","160",Garrigas (matorrales pluriespecíficos calcícolas + termófilos),"7","15","0",,"9",Abancalado,"100","5",Matorral  denso y  verde (h<1 m). Propagación del fuego por la hojarasca y el pasto,Masas mixtas,"111",Monte arbolado. Bosque,"110",Arbolado,"4",Mediterránea,"131",201521.668854,"9","3"
"2212573",MFE25,"25","51","15",6.99373715785,Cataluña,Lleida,"11",Bosque,"70","18",Encinares (Quercus ilex),"1",Uniforme,"45",Quercus ilex,"50","3",Latizal,"24",Pinus halepensis,"20","3",Latizal,"243",Quercus humilis (Q. Pubescens),"20","3",Latizal,"20","160",Garrigas (matorrales pluriespecíficos calcícolas + termófilos),"5","10","0",,"0",Sin atributo,"100","5",Matorral  denso y  verde (h<1 m). Propagación del fuego por la hojarasca y el pasto,Frondosas,"111",Monte arbolado. Bosque,"110",Arbolado,"4",Mediterránea,"111",69937.3715785,"128","4"
"2212573",MFE25,"25","51","15",6.99373715785,Cataluña,Lleida,"11",Bosque,"70","18",Encinares (Quercus ilex),"1",Uniforme,"45",Quercus ilex,"50","3",Latizal,"24",Pinus halepensis,"20","3",Latizal,"243",Quercus humilis (Q. Pubescens),"20","3",Latizal,"20","160",Garrigas (matorrales pluriespecíficos calcícolas + termófilos),"5","10","0",,"0",Sin atributo,"100","5",Matorral  denso y  verde (h<1 m). Propagación del fuego por la hojarasca y el pasto,Frondosas,"111",Monte arbolado. Bosque,"110",Arbolado,"4",Mediterránea,"111",69937.3715785,"9","3"
"2212573",MFE25,"25","51","15",6.99373715785,Cataluña,Lleida,"11",Bosque,"70","18",Encinares (Quercus ilex),"1",Uniforme,"45",Quercus ilex,"50","3",Latizal,"24",Pinus halepensis,"20","3",Latizal,"243",Quercus humilis (Q. Pubescens),"20","3",Latizal,"20","160",Garrigas (matorrales pluriespecíficos calcícolas + termófilos),"5","10","0",,"0",Sin atributo,"100","5",Matorral  denso y  verde (h<1 m). Propagación del fuego por la hojarasca y el pasto,Frondosas,"111",Monte arbolado. Bosque,"110",Arbolado,"4",Mediterránea,"111",69937.3715785,"3","2"
"2212573",MFE25,"25","51","15",6.99373715785,Cataluña,Lleida,"11",Bosque,"70","18",Encinares (Quercus ilex),"1",Uniforme,"45",Quercus ilex,"50","3",Latizal,"24",Pinus halepensis,"20","3",Latizal,"243",Quercus humilis (Q. Pubescens),"20","3",Latizal,"20","160",Garrigas (matorrales pluriespecíficos calcícolas + termófilos),"5","10","0",,"0",Sin atributo,"100","5",Matorral  denso y  verde (h<1 m). Propagación del fuego por la hojarasca y el pasto,Frondosas,"111",Monte arbolado. Bosque,"110",Arbolado,"4",Mediterránea,"111",69937.3715785,"1","1"
"2212573",MFE25,"25","51","15",6.99373715785,Cataluña,Lleida,"11",Bosque,"70","18",Encinares (Quercus ilex),"1",Uniforme,"45",Quercus ilex,"50","3",Latizal,"24",Pinus halepensis,"20","3",Latizal,"243",Quercus humilis (Q. Pubescens),"20","3",Latizal,"20","160",Garrigas (matorrales pluriespecíficos calcícolas + termófilos),"5","10","0",,"0",Sin atributo,"100","5",Matorral  denso y  verde (h<1 m). Propagación del fuego por la hojarasca y el pasto,Frondosas,"111",Monte arbolado. Bosque,"110",Arbolado,"4",Mediterránea,"111",69937.3715785,"513","0"
"2414821",MFE25,"25","51","65",11.6374212742,Cataluña,Lleida,"11",Bosque,"40","403",Mezcla de coníferas y frondosas autóctonas en la región biogeográfica Mediterránea,"6",Discontinua irregular,"237",Juniperus oxycedrus,"40","2",Monte bravo,"45",Quercus ilex,"30","3",Latizal,"24",Pinus halepensis,"20","2",Monte bravo,"40","160",Garrigas (matorrales pluriespecíficos calcícolas + termófilos),"10","15","0",,"0",Sin atributo,"95","5",Matorral  denso y  verde (h<1 m). Propagación del fuego por la hojarasca y el pasto,Masas mixtas,"111",Monte arbolado. Bosque,"110",Arbolado,"4",Mediterránea,"131",116374.212742,"3","2"
"2213724",MFE25,"25","51","82",280.931031505,Cataluña,Lleida,"11",Bosque,"20","6",Sabinares de Juniperus phoenicea,"6",Discontinua irregular,"39",Juniperus phoenicea,"60","2",Monte bravo,"237",Juniperus oxycedrus,"20","2",Monte bravo,"45",Quercus ilex,"10","2",Monte bravo,"50","160",Garrigas (matorrales pluriespecíficos calcícolas + termófilos),"4","30","0",,"0",Sin atributo,"100","2","Pasto fino, seco y bajo. Pl leñosas cubren  1/3 a 2/3 de la superficie",Coníferas,"111",Monte arbolado. Bosque,"110",Arbolado,"4",Mediterránea,"121",2809310.31505,"1","1"
"2213724",MFE25,"25","51","82",280.931031505,Cataluña,Lleida,"11",Bosque,"20","6",Sabinares de Juniperus phoenicea,"6",Discontinua irregular,"39",Juniperus phoenicea,"60","2",Monte bravo,"237",Juniperus oxycedrus,"20","2",Monte bravo,"45",Quercus ilex,"10","2",Monte bravo,"50","160",Garrigas (matorrales pluriespecíficos calcícolas + termófilos),"4","30","0",,"0",Sin atributo,"100","2","Pasto fino, seco y bajo. Pl leñosas cubren  1/3 a 2/3 de la superficie",Coníferas,"111",Monte arbolado. Bosque,"110",Arbolado,"4",Mediterránea,"121",2809310.31505,"3","2"
"2216097",MFE25,"25","51","50",10.8543048019,Cataluña,Lleida,"14",Bosque de Galería,"55","33",Bosque ribereño,"1",Uniforme,"58",Populus nigra,"40","2",Monte bravo,"58",Populus nigra,"30","4",Fustal,"257",Salix alba,"20","3",Latizal,"20","111","Orlas, espinares mesófilos mixtos y afines (dom. Rosaceae)","13","25","0",,"0",Sin atributo,"100","2","Pasto fino, seco y bajo. Pl leñosas cubren  1/3 a 2/3 de la superficie",Frondosas,"115",Monte arbolado. Ribera arbolada,"110",Arbolado,"4",Mediterránea,"111",108543.048019,"1","1"
"2413164",MFE25,"25","51","45",39.8816933718,Cataluña,Lleida,"11",Bosque,"80","31",Bosques mixtos de frondosas autóctonas en region biogeográfica mediterranea,"1",Uniforme,"45",Quercus ilex,"60","3",Latizal,"243",Quercus humilis (Q. Pubescens),"30","3",Latizal,"0",sin datos,"0","0",Sin datos,"10","160",Garrigas (matorrales pluriespecíficos calcícolas + termófilos),"4","10","0",,"0",Sin atributo,"100","7","Matorral de especies muy inflamables (h: 0,5-2 m) situado como sotobosque de masas de coníferas",Frondosas,"111",Monte arbolado. Bosque,"110",Arbolado,"4",Mediterránea,"111",398816.933718,"1","1"
"2413222",MFE25,"25","51","17",20.2727976373,Cataluña,Lleida,"11",Bosque,"15","18",Encinares (Quercus ilex),"6",Discontinua irregular,"45",Quercus ilex,"80","2",Monte bravo,"0",sin datos,"0","0",Sin datos,"0",sin datos,"0","0",Sin datos,"60","120","Bujedos (Buxus sempervirens, B. balearica)","4","20","0",,"0",Sin atributo,"95","5",Matorral  denso y  verde (h<1 m). Propagación del fuego por la hojarasca y el pasto,Frondosas,"121",Monte con arbolado ralo. Bosque,"120",Arbolado ralo,"4",Mediterránea,"210",202727.976373,"1","1"
"3048288",MFE25,"25","51","65",28.4952940736,Cataluña,Lleida,"11",Bosque,"45","403",Mezcla de coníferas y frondosas autóctonas en la región biogeográfica Mediterránea,"6",Discontinua irregular,"45",Quercus ilex,"30","3",Latizal,"237",Juniperus oxycedrus,"30","2",Monte bravo,"39",Juniperus phoenicea,"30","1",Repoblado,"40","160",Garrigas (matorrales pluriespecíficos calcícolas + termófilos),"4","5","0",,"0",Sin atributo,"90","5",Matorral  denso y  verde (h<1 m). Propagación del fuego por la hojarasca y el pasto,Masas mixtas,"111",Monte arbolado. Bosque,"110",Arbolado,"4",Mediterránea,"131",284952.940736,"513","0"
"2413164",MFE25,"25","51","45",39.8816933718,Cataluña,Lleida,"11",Bosque,"80","31",Bosques mixtos de frondosas autóctonas en region biogeográfica mediterranea,"1",Uniforme,"45",Quercus ilex,"60","3",Latizal,"243",Quercus humilis (Q. Pubescens),"30","3",Latizal,"0",sin datos,"0","0",Sin datos,"10","160",Garrigas (matorrales pluriespecíficos calcícolas + termófilos),"4","10","0",,"0",Sin atributo,"100","7","Matorral de especies muy inflamables (h: 0,5-2 m) situado como sotobosque de masas de coníferas",Frondosas,"111",Monte arbolado. Bosque,"110",Arbolado,"4",Mediterránea,"111",398816.933718,"3","2"
"2413222",MFE25,"25","51","17",20.2727976373,Cataluña,Lleida,"11",Bosque,"15","18",Encinares (Quercus ilex),"6",Discontinua irregular,"45",Quercus ilex,"80","2",Monte bravo,"0",sin datos,"0","0",Sin datos,"0",sin datos,"0","0",Sin datos,"60","120","Bujedos (Buxus sempervirens, B. balearica)","4","20","0",,"0",Sin atributo,"95","5",Matorral  denso y  verde (h<1 m). Propagación del fuego por la hojarasca y el pasto,Frondosas,"121",Monte con arbolado ralo. Bosque,"120",Arbolado ralo,"4",Mediterránea,"210",202727.976373,"3","2"
"3048288",MFE25,"25","51","65",28.4952940736,Cataluña,Lleida,"11",Bosque,"45","403",Mezcla de coníferas y frondosas autóctonas en la región biogeográfica Mediterránea,"6",Discontinua irregular,"45",Quercus ilex,"30","3",Latizal,"237",Juniperus oxycedrus,"30","2",Monte bravo,"39",Juniperus phoenicea,"30","1",Repoblado,"40","160",Garrigas (matorrales pluriespecíficos calcícolas + termófilos),"4","5","0",,"0",Sin atributo,"90","5",Matorral  denso y  verde (h<1 m). Propagación del fuego por la hojarasca y el pasto,Masas mixtas,"111",Monte arbolado. Bosque,"110",Arbolado,"4",Mediterránea,"131",284952.940736,"1","1"
"2413164",MFE25,"25","51","45",39.8816933718,Cataluña,Lleida,"11",Bosque,"80","31",Bosques mixtos de frondosas autóctonas en region biogeográfica mediterranea,"1",Uniforme,"45",Quercus ilex,"60","3",Latizal,"243",Quercus humilis (Q. Pubescens),"30","3",Latizal,"0",sin datos,"0","0",Sin datos,"10","160",Garrigas (matorrales pluriespecíficos calcícolas + termófilos),"4","10","0",,"0",Sin atributo,"100","7","Matorral de especies muy inflamables (h: 0,5-2 m) situado como sotobosque de masas de coníferas",Frondosas,"111",Monte arbolado. Bosque,"110",Arbolado,"4",Mediterránea,"111",398816.933718,"9","3"
"2413222",MFE25,"25","51","17",20.2727976373,Cataluña,Lleida,"11",Bosque,"15","18",Encinares (Quercus ilex),"6",Discontinua irregular,"45",Quercus ilex,"80","2",Monte bravo,"0",sin datos,"0","0",Sin datos,"0",sin datos,"0","0",Sin datos,"60","120","Bujedos (Buxus sempervirens, B. balearica)","4","20","0",,"0",Sin atributo,"95","5",Matorral  denso y  verde (h<1 m). Propagación del fuego por la hojarasca y el pasto,Frondosas,"121",Monte con arbolado ralo. Bosque,"120",Arbolado ralo,"4",Mediterránea,"210",202727.976373,"9","3"
"2210175",MFE25,"25","51","06",14.0591737763,Cataluña,Lleida,"11",Bosque,"20","24",Pinar de pino carrasco (Pinus halepensis),"1",Uniforme,"24",Pinus halepensis,"70","3",Latizal,"45",Quercus ilex,"20","3",Latizal,"0",sin datos,"0","0",Sin datos,"35","160",Garrigas (matorrales pluriespecíficos calcícolas + termófilos),"5","45","0",,"0",Sin atributo,"100","2","Pasto fino, seco y bajo. Pl leñosas cubren  1/3 a 2/3 de la superficie",Coníferas,"111",Monte arbolado. Bosque,"110",Arbolado,"4",Mediterránea,"121",140591.737763,"9","3"
"2413164",MFE25,"25","51","45",39.8816933718,Cataluña,Lleida,"11",Bosque,"80","31",Bosques mixtos de frondosas autóctonas en region biogeográfica mediterranea,"1",Uniforme,"45",Quercus ilex,"60","3",Latizal,"243",Quercus humilis (Q. Pubescens),"30","3",Latizal,"0",sin datos,"0","0",Sin datos,"10","160",Garrigas (matorrales pluriespecíficos calcícolas + termófilos),"4","10","0",,"0",Sin atributo,"100","7","Matorral de especies muy inflamables (h: 0,5-2 m) situado como sotobosque de masas de coníferas",Frondosas,"111",Monte arbolado. Bosque,"110",Arbolado,"4",Mediterránea,"111",398816.933718,"128","4"
"2413222",MFE25,"25","51","17",20.2727976373,Cataluña,Lleida,"11",Bosque,"15","18",Encinares (Quercus ilex),"6",Discontinua irregular,"45",Quercus ilex,"80","2",Monte bravo,"0",sin datos,"0","0",Sin datos,"0",sin datos,"0","0",Sin datos,"60","120","Bujedos (Buxus sempervirens, B. balearica)","4","20","0",,"0",Sin atributo,"95","5",Matorral  denso y  verde (h<1 m). Propagación del fuego por la hojarasca y el pasto,Frondosas,"121",Monte con arbolado ralo. Bosque,"120",Arbolado ralo,"4",Mediterránea,"210",202727.976373,"128","4"
"2210175",MFE25,"25","51","06",14.0591737763,Cataluña,Lleida,"11",Bosque,"20","24",Pinar de pino carrasco (Pinus halepensis),"1",Uniforme,"24",Pinus halepensis,"70","3",Latizal,"45",Quercus ilex,"20","3",Latizal,"0",sin datos,"0","0",Sin datos,"35","160",Garrigas (matorrales pluriespecíficos calcícolas + termófilos),"5","45","0",,"0",Sin atributo,"100","2","Pasto fino, seco y bajo. Pl leñosas cubren  1/3 a 2/3 de la superficie",Coníferas,"111",Monte arbolado. Bosque,"110",Arbolado,"4",Mediterránea,"121",140591.737763,"3","2"
"2206108",MFE25,"25","51","17",35.1579711268,Cataluña,Lleida,"11",Bosque,"15","18",Encinares (Quercus ilex),"6",Discontinua irregular,"45",Quercus ilex,"90","3",Latizal,"0",sin datos,"0","0",Sin datos,"0",sin datos,"0","0",Sin datos,"65","160",Garrigas (matorrales pluriespecíficos calcícolas + termófilos),"5","15","0",,"0",Sin atributo,"95","5",Matorral  denso y  verde (h<1 m). Propagación del fuego por la hojarasca y el pasto,Frondosas,"121",Monte con arbolado ralo. Bosque,"120",Arbolado ralo,"4",Mediterránea,"210",351579.711268,"128","4"
"2210175",MFE25,"25","51","06",14.0591737763,Cataluña,Lleida,"11",Bosque,"20","24",Pinar de pino carrasco (Pinus halepensis),"1",Uniforme,"24",Pinus halepensis,"70","3",Latizal,"45",Quercus ilex,"20","3",Latizal,"0",sin datos,"0","0",Sin datos,"35","160",Garrigas (matorrales pluriespecíficos calcícolas + termófilos),"5","45","0",,"0",Sin atributo,"100","2","Pasto fino, seco y bajo. Pl leñosas cubren  1/3 a 2/3 de la superficie",Coníferas,"111",Monte arbolado. Bosque,"110",Arbolado,"4",Mediterránea,"121",140591.737763,"128","4"
"2206108",MFE25,"25","51","17",35.1579711268,Cataluña,Lleida,"11",Bosque,"15","18",Encinares (Quercus ilex),"6",Discontinua irregular,"45",Quercus ilex,"90","3",Latizal,"0",sin datos,"0","0",Sin datos,"0",sin datos,"0","0",Sin datos,"65","160",Garrigas (matorrales pluriespecíficos calcícolas + termófilos),"5","15","0",,"0",Sin atributo,"95","5",Matorral  denso y  verde (h<1 m). Propagación del fuego por la hojarasca y el pasto,Frondosas,"121",Monte con arbolado ralo. Bosque,"120",Arbolado ralo,"4",Mediterránea,"210",351579.711268,"9","3"
"2213724",MFE25,"25","51","82",280.931031505,Cataluña,Lleida,"11",Bosque,"20","6",Sabinares de Juniperus phoenicea,"6",Discontinua irregular,"39",Juniperus phoenicea,"60","2",Monte bravo,"237",Juniperus oxycedrus,"20","2",Monte bravo,"45",Quercus ilex,"10","2",Monte bravo,"50","160",Garrigas (matorrales pluriespecíficos calcícolas + termófilos),"4","30","0",,"0",Sin atributo,"100","2","Pasto fino, seco y bajo. Pl leñosas cubren  1/3 a 2/3 de la superficie",Coníferas,"111",Monte arbolado. Bosque,"110",Arbolado,"4",Mediterránea,"121",2809310.31505,"9","3"
"2213724",MFE25,"25","51","82",280.931031505,Cataluña,Lleida,"11",Bosque,"20","6",Sabinares de Juniperus phoenicea,"6",Discontinua irregular,"39",Juniperus phoenicea,"60","2",Monte bravo,"237",Juniperus oxycedrus,"20","2",Monte bravo,"45",Quercus ilex,"10","2",Monte bravo,"50","160",Garrigas (matorrales pluriespecíficos calcícolas + termófilos),"4","30","0",,"0",Sin atributo,"100","2","Pasto fino, seco y bajo. Pl leñosas cubren  1/3 a 2/3 de la superficie",Coníferas,"111",Monte arbolado. Bosque,"110",Arbolado,"4",Mediterránea,"121",2809310.31505,"128","4"
"2202718",MFE25,"25","51","17",6.15187410893,Cataluña,Lleida,"11",Bosque,"10","18",Encinares (Quercus ilex),"6",Discontinua irregular,"45",Quercus ilex,"80","2",Monte bravo,"0",sin datos,"0","0",Sin datos,"0",sin datos,"0","0",Sin datos,"65","120","Bujedos (Buxus sempervirens, B. balearica)","15","20","0",,"0",Sin atributo,"95","6",Parecido al modelo 5 pero con especies más inflamables o con restos de podasy pl de mayor talla,Frondosas,"121",Monte con arbolado ralo. Bosque,"120",Arbolado ralo,"4",Mediterránea,"210",61518.7410893,"1","1"
"2206108",MFE25,"25","51","17",35.1579711268,Cataluña,Lleida,"11",Bosque,"15","18",Encinares (Quercus ilex),"6",Discontinua irregular,"45",Quercus ilex,"90","3",Latizal,"0",sin datos,"0","0",Sin datos,"0",sin datos,"0","0",Sin datos,"65","160",Garrigas (matorrales pluriespecíficos calcícolas + termófilos),"5","15","0",,"0",Sin atributo,"95","5",Matorral  denso y  verde (h<1 m). Propagación del fuego por la hojarasca y el pasto,Frondosas,"121",Monte con arbolado ralo. Bosque,"120",Arbolado ralo,"4",Mediterránea,"210",351579.711268,"3","2"
"2413159",MFE25,"25","51","16",198.444593017,Cataluña,Lleida,"11",Bosque,"55","18",Encinares (Quercus ilex),"1",Uniforme,"45",Quercus ilex,"70","3",Latizal,"37",Juniperus communis,"10","2",Monte bravo,"0",sin datos,"0","0",Sin datos,"25","160",Garrigas (matorrales pluriespecíficos calcícolas + termófilos),"3","15","0",,"0",Sin atributo,"95","5",Matorral  denso y  verde (h<1 m). Propagación del fuego por la hojarasca y el pasto,Frondosas,"111",Monte arbolado. Bosque,"110",Arbolado,"4",Mediterránea,"111",1984445.93017,"3","2"
"2215865",MFE25,"25","51","29",9.90965939028,Cataluña,Lleida,"11",Bosque,"75","14",Robledales de roble pubescente (Quercus humilis),"1",Uniforme,"243",Quercus humilis (Q. Pubescens),"60","4",Fustal,"45",Quercus ilex,"20","3",Latizal,"237",Juniperus oxycedrus,"10","2",Monte bravo,"15","160",Garrigas (matorrales pluriespecíficos calcícolas + termófilos),"6","10","0",,"0",Sin atributo,"100","7","Matorral de especies muy inflamables (h: 0,5-2 m) situado como sotobosque de masas de coníferas",Frondosas,"111",Monte arbolado. Bosque,"110",Arbolado,"4",Mediterránea,"111",99096.5939028,"1","1"
"2206108",MFE25,"25","51","17",35.1579711268,Cataluña,Lleida,"11",Bosque,"15","18",Encinares (Quercus ilex),"6",Discontinua irregular,"45",Quercus ilex,"90","3",Latizal,"0",sin datos,"0","0",Sin datos,"0",sin datos,"0","0",Sin datos,"65","160",Garrigas (matorrales pluriespecíficos calcícolas + termófilos),"5","15","0",,"0",Sin atributo,"95","5",Matorral  denso y  verde (h<1 m). Propagación del fuego por la hojarasca y el pasto,Frondosas,"121",Monte con arbolado ralo. Bosque,"120",Arbolado ralo,"4",Mediterránea,"210",351579.711268,"1","1"
"2413159",MFE25,"25","51","16",198.444593017,Cataluña,Lleida,"11",Bosque,"55","18",Encinares (Quercus ilex),"1",Uniforme,"45",Quercus ilex,"70","3",Latizal,"37",Juniperus communis,"10","2",Monte bravo,"0",sin datos,"0","0",Sin datos,"25","160",Garrigas (matorrales pluriespecíficos calcícolas + termófilos),"3","15","0",,"0",Sin atributo,"95","5",Matorral  denso y  verde (h<1 m). Propagación del fuego por la hojarasca y el pasto,Frondosas,"111",Monte arbolado. Bosque,"110",Arbolado,"4",Mediterránea,"111",1984445.93017,"1","1"
"3048332",MFE25,"25","51","17",66.5945942481,Cataluña,Lleida,"11",Bosque,"35","18",Encinares (Quercus ilex),"1",Uniforme,"45",Quercus ilex,"80","3",Latizal,"37",Juniperus communis,"10","2",Monte bravo,"0",sin datos,"0","0",Sin datos,"35","160",Garrigas (matorrales pluriespecíficos calcícolas + termófilos),"3","30","0",,"0",Sin atributo,"100","5",Matorral  denso y  verde (h<1 m). Propagación del fuego por la hojarasca y el pasto,Frondosas,"111",Monte arbolado. Bosque,"110",Arbolado,"4",Mediterránea,"111",665945.942481,"128","4"
"2202718",MFE25,"25","51","17",6.15187410893,Cataluña,Lleida,"11",Bosque,"10","18",Encinares (Quercus ilex),"6",Discontinua irregular,"45",Quercus ilex,"80","2",Monte bravo,"0",sin datos,"0","0",Sin datos,"0",sin datos,"0","0",Sin datos,"65","120","Bujedos (Buxus sempervirens, B. balearica)","15","20","0",,"0",Sin atributo,"95","6",Parecido al modelo 5 pero con especies más inflamables o con restos de podasy pl de mayor talla,Frondosas,"121",Monte con arbolado ralo. Bosque,"120",Arbolado ralo,"4",Mediterránea,"210",61518.7410893,"128","4"
"2414951",MFE25,"25","51","17",14.1340512894,Cataluña,Lleida,"11",Bosque,"25","18",Encinares (Quercus ilex),"1",Uniforme,"45",Quercus ilex,"80","3",Latizal,"243",Quercus humilis (Q. Pubescens),"10","3",Latizal,"0",sin datos,"0","0",Sin datos,"55","160",Garrigas (matorrales pluriespecíficos calcícolas + termófilos),"5","15","0",,"0",Sin atributo,"95","5",Matorral  denso y  verde (h<1 m). Propagación del fuego por la hojarasca y el pasto,Frondosas,"111",Monte arbolado. Bosque,"110",Arbolado,"4",Mediterránea,"111",141340.512894,"1","1"
"2413159",MFE25,"25","51","16",198.444593017,Cataluña,Lleida,"11",Bosque,"55","18",Encinares (Quercus ilex),"1",Uniforme,"45",Quercus ilex,"70","3",Latizal,"37",Juniperus communis,"10","2",Monte bravo,"0",sin datos,"0","0",Sin datos,"25","160",Garrigas (matorrales pluriespecíficos calcícolas + termófilos),"3","15","0",,"0",Sin atributo,"95","5",Matorral  denso y  verde (h<1 m). Propagación del fuego por la hojarasca y el pasto,Frondosas,"111",Monte arbolado. Bosque,"110",Arbolado,"4",Mediterránea,"111",1984445.93017,"128","4"
"3048332",MFE25,"25","51","17",66.5945942481,Cataluña,Lleida,"11",Bosque,"35","18",Encinares (Quercus ilex),"1",Uniforme,"45",Quercus ilex,"80","3",Latizal,"37",Juniperus communis,"10","2",Monte bravo,"0",sin datos,"0","0",Sin datos,"35","160",Garrigas (matorrales pluriespecíficos calcícolas + termófilos),"3","30","0",,"0",Sin atributo,"100","5",Matorral  denso y  verde (h<1 m). Propagación del fuego por la hojarasca y el pasto,Frondosas,"111",Monte arbolado. Bosque,"110",Arbolado,"4",Mediterránea,"111",665945.942481,"9","3"
"2215865",MFE25,"25","51","29",9.90965939028,Cataluña,Lleida,"11",Bosque,"75","14",Robledales de roble pubescente (Quercus humilis),"1",Uniforme,"243",Quercus humilis (Q. Pubescens),"60","4",Fustal,"45",Quercus ilex,"20","3",Latizal,"237",Juniperus oxycedrus,"10","2",Monte bravo,"15","160",Garrigas (matorrales pluriespecíficos calcícolas + termófilos),"6","10","0",,"0",Sin atributo,"100","7","Matorral de especies muy inflamables (h: 0,5-2 m) situado como sotobosque de masas de coníferas",Frondosas,"111",Monte arbolado. Bosque,"110",Arbolado,"4",Mediterránea,"111",99096.5939028,"9","3"
"2413159",MFE25,"25","51","16",198.444593017,Cataluña,Lleida,"11",Bosque,"55","18",Encinares (Quercus ilex),"1",Uniforme,"45",Quercus ilex,"70","3",Latizal,"37",Juniperus communis,"10","2",Monte bravo,"0",sin datos,"0","0",Sin datos,"25","160",Garrigas (matorrales pluriespecíficos calcícolas + termófilos),"3","15","0",,"0",Sin atributo,"95","5",Matorral  denso y  verde (h<1 m). Propagación del fuego por la hojarasca y el pasto,Frondosas,"111",Monte arbolado. Bosque,"110",Arbolado,"4",Mediterránea,"111",1984445.93017,"9","3"
"3048332",MFE25,"25","51","17",66.5945942481,Cataluña,Lleida,"11",Bosque,"35","18",Encinares (Quercus ilex),"1",Uniforme,"45",Quercus ilex,"80","3",Latizal,"37",Juniperus communis,"10","2",Monte bravo,"0",sin datos,"0","0",Sin datos,"35","160",Garrigas (matorrales pluriespecíficos calcícolas + termófilos),"3","30","0",,"0",Sin atributo,"100","5",Matorral  denso y  verde (h<1 m). Propagación del fuego por la hojarasca y el pasto,Frondosas,"111",Monte arbolado. Bosque,"110",Arbolado,"4",Mediterránea,"111",665945.942481,"3","2"
"2202718",MFE25,"25","51","17",6.15187410893,Cataluña,Lleida,"11",Bosque,"10","18",Encinares (Quercus ilex),"6",Discontinua irregular,"45",Quercus ilex,"80","2",Monte bravo,"0",sin datos,"0","0",Sin datos,"0",sin datos,"0","0",Sin datos,"65","120","Bujedos (Buxus sempervirens, B. balearica)","15","20","0",,"0",Sin atributo,"95","6",Parecido al modelo 5 pero con especies más inflamables o con restos de podasy pl de mayor talla,Frondosas,"121",Monte con arbolado ralo. Bosque,"120",Arbolado ralo,"4",Mediterránea,"210",61518.7410893,"3","2"
"2215865",MFE25,"25","51","29",9.90965939028,Cataluña,Lleida,"11",Bosque,"75","14",Robledales de roble pubescente (Quercus humilis),"1",Uniforme,"243",Quercus humilis (Q. Pubescens),"60","4",Fustal,"45",Quercus ilex,"20","3",Latizal,"237",Juniperus oxycedrus,"10","2",Monte bravo,"15","160",Garrigas (matorrales pluriespecíficos calcícolas + termófilos),"6","10","0",,"0",Sin atributo,"100","7","Matorral de especies muy inflamables (h: 0,5-2 m) situado como sotobosque de masas de coníferas",Frondosas,"111",Monte arbolado. Bosque,"110",Arbolado,"4",Mediterránea,"111",99096.5939028,"3","2"
"2202718",MFE25,"25","51","17",6.15187410893,Cataluña,Lleida,"11",Bosque,"10","18",Encinares (Quercus ilex),"6",Discontinua irregular,"45",Quercus ilex,"80","2",Monte bravo,"0",sin datos,"0","0",Sin datos,"0",sin datos,"0","0",Sin datos,"65","120","Bujedos (Buxus sempervirens, B. balearica)","15","20","0",,"0",Sin atributo,"95","6",Parecido al modelo 5 pero con especies más inflamables o con restos de podasy pl de mayor talla,Frondosas,"121",Monte con arbolado ralo. Bosque,"120",Arbolado ralo,"4",Mediterránea,"210",61518.7410893,"9","3"
"2414951",MFE25,"25","51","17",14.1340512894,Cataluña,Lleida,"11",Bosque,"25","18",Encinares (Quercus ilex),"1",Uniforme,"45",Quercus ilex,"80","3",Latizal,"243",Quercus humilis (Q. Pubescens),"10","3",Latizal,"0",sin datos,"0","0",Sin datos,"55","160",Garrigas (matorrales pluriespecíficos calcícolas + termófilos),"5","15","0",,"0",Sin atributo,"95","5",Matorral  denso y  verde (h<1 m). Propagación del fuego por la hojarasca y el pasto,Frondosas,"111",Monte arbolado. Bosque,"110",Arbolado,"4",Mediterránea,"111",141340.512894,"128","4"
"2414951",MFE25,"25","51","17",14.1340512894,Cataluña,Lleida,"11",Bosque,"25","18",Encinares (Quercus ilex),"1",Uniforme,"45",Quercus ilex,"80","3",Latizal,"243",Quercus humilis (Q. Pubescens),"10","3",Latizal,"0",sin datos,"0","0",Sin datos,"55","160",Garrigas (matorrales pluriespecíficos calcícolas + termófilos),"5","15","0",,"0",Sin atributo,"95","5",Matorral  denso y  verde (h<1 m). Propagación del fuego por la hojarasca y el pasto,Frondosas,"111",Monte arbolado. Bosque,"110",Arbolado,"4",Mediterránea,"111",141340.512894,"9","3"
"2414951",MFE25,"25","51","17",14.1340512894,Cataluña,Lleida,"11",Bosque,"25","18",Encinares (Quercus ilex),"1",Uniforme,"45",Quercus ilex,"80","3",Latizal,"243",Quercus humilis (Q. Pubescens),"10","3",Latizal,"0",sin datos,"0","0",Sin datos,"55","160",Garrigas (matorrales pluriespecíficos calcícolas + termófilos),"5","15","0",,"0",Sin atributo,"95","5",Matorral  denso y  verde (h<1 m). Propagación del fuego por la hojarasca y el pasto,Frondosas,"111",Monte arbolado. Bosque,"110",Arbolado,"4",Mediterránea,"111",141340.512894,"3","2"
"2215321",MFE25,"25","51","17",13.5105114914,Cataluña,Lleida,"11",Bosque,"20","18",Encinares (Quercus ilex),"1",Uniforme,"45",Quercus ilex,"70","3",Latizal,"243",Quercus humilis (Q. Pubescens),"20","3",Latizal,"0",sin datos,"0","0",Sin datos,"60","160",Garrigas (matorrales pluriespecíficos calcícolas + termófilos),"5","20","0",,"0",Sin atributo,"100","5",Matorral  denso y  verde (h<1 m). Propagación del fuego por la hojarasca y el pasto,Frondosas,"111",Monte arbolado. Bosque,"110",Arbolado,"4",Mediterránea,"111",135105.114914,"1","1"
"2215321",MFE25,"25","51","17",13.5105114914,Cataluña,Lleida,"11",Bosque,"20","18",Encinares (Quercus ilex),"1",Uniforme,"45",Quercus ilex,"70","3",Latizal,"243",Quercus humilis (Q. Pubescens),"20","3",Latizal,"0",sin datos,"0","0",Sin datos,"60","160",Garrigas (matorrales pluriespecíficos calcícolas + termófilos),"5","20","0",,"0",Sin atributo,"100","5",Matorral  denso y  verde (h<1 m). Propagación del fuego por la hojarasca y el pasto,Frondosas,"111",Monte arbolado. Bosque,"110",Arbolado,"4",Mediterránea,"111",135105.114914,"3","2"
"3048286",MFE25,"25","51","82",12.4082466491,Cataluña,Lleida,"11",Bosque,"20","6",Sabinares de Juniperus phoenicea,"6",Discontinua irregular,"39",Juniperus phoenicea,"60","2",Monte bravo,"45",Quercus ilex,"20","3",Latizal,"237",Juniperus oxycedrus,"20","2",Monte bravo,"45","160",Garrigas (matorrales pluriespecíficos calcícolas + termófilos),"4","35","0",,"0",Sin atributo,"100","5",Matorral  denso y  verde (h<1 m). Propagación del fuego por la hojarasca y el pasto,Coníferas,"111",Monte arbolado. Bosque,"110",Arbolado,"4",Mediterránea,"121",124082.466491,"1","1"
"3048286",MFE25,"25","51","82",12.4082466491,Cataluña,Lleida,"11",Bosque,"20","6",Sabinares de Juniperus phoenicea,"6",Discontinua irregular,"39",Juniperus phoenicea,"60","2",Monte bravo,"45",Quercus ilex,"20","3",Latizal,"237",Juniperus oxycedrus,"20","2",Monte bravo,"45","160",Garrigas (matorrales pluriespecíficos calcícolas + termófilos),"4","35","0",,"0",Sin atributo,"100","5",Matorral  denso y  verde (h<1 m). Propagación del fuego por la hojarasca y el pasto,Coníferas,"111",Monte arbolado. Bosque,"110",Arbolado,"4",Mediterránea,"121",124082.466491,"9","3"
"3048286",MFE25,"25","51","82",12.4082466491,Cataluña,Lleida,"11",Bosque,"20","6",Sabinares de Juniperus phoenicea,"6",Discontinua irregular,"39",Juniperus phoenicea,"60","2",Monte bravo,"45",Quercus ilex,"20","3",Latizal,"237",Juniperus oxycedrus,"20","2",Monte bravo,"45","160",Garrigas (matorrales pluriespecíficos calcícolas + termófilos),"4","35","0",,"0",Sin atributo,"100","5",Matorral  denso y  verde (h<1 m). Propagación del fuego por la hojarasca y el pasto,Coníferas,"111",Monte arbolado. Bosque,"110",Arbolado,"4",Mediterránea,"121",124082.466491,"3","2"
"2210175",MFE25,"25","51","06",14.0591737763,Cataluña,Lleida,"11",Bosque,"20","24",Pinar de pino carrasco (Pinus halepensis),"1",Uniforme,"24",Pinus halepensis,"70","3",Latizal,"45",Quercus ilex,"20","3",Latizal,"0",sin datos,"0","0",Sin datos,"35","160",Garrigas (matorrales pluriespecíficos calcícolas + termófilos),"5","45","0",,"0",Sin atributo,"100","2","Pasto fino, seco y bajo. Pl leñosas cubren  1/3 a 2/3 de la superficie",Coníferas,"111",Monte arbolado. Bosque,"110",Arbolado,"4",Mediterránea,"121",140591.737763,"1","1"
"2210175",MFE25,"25","51","06",14.0591737763,Cataluña,Lleida,"11",Bosque,"20","24",Pinar de pino carrasco (Pinus halepensis),"1",Uniforme,"24",Pinus halepensis,"70","3",Latizal,"45",Quercus ilex,"20","3",Latizal,"0",sin datos,"0","0",Sin datos,"35","160",Garrigas (matorrales pluriespecíficos calcícolas + termófilos),"5","45","0",,"0",Sin atributo,"100","2","Pasto fino, seco y bajo. Pl leñosas cubren  1/3 a 2/3 de la superficie",Coníferas,"111",Monte arbolado. Bosque,"110",Arbolado,"4",Mediterránea,"121",140591.737763,"513","0"
"2210206",MFE25,"25","51","16",5.47186031043,Cataluña,Lleida,"11",Bosque,"65","18",Encinares (Quercus ilex),"1",Uniforme,"45",Quercus ilex,"90","3",Latizal,"0",sin datos,"0","0",Sin datos,"0",sin datos,"0","0",Sin datos,"25","160",Garrigas (matorrales pluriespecíficos calcícolas + termófilos),"5","10","0",,"0",Sin atributo,"100","5",Matorral  denso y  verde (h<1 m). Propagación del fuego por la hojarasca y el pasto,Frondosas,"111",Monte arbolado. Bosque,"110",Arbolado,"4",Mediterránea,"111",54718.6031043,"9","3"
"3048288",MFE25,"25","51","65",28.4952940736,Cataluña,Lleida,"11",Bosque,"45","403",Mezcla de coníferas y frondosas autóctonas en la región biogeográfica Mediterránea,"6",Discontinua irregular,"45",Quercus ilex,"30","3",Latizal,"237",Juniperus oxycedrus,"30","2",Monte bravo,"39",Juniperus phoenicea,"30","1",Repoblado,"40","160",Garrigas (matorrales pluriespecíficos calcícolas + termófilos),"4","5","0",,"0",Sin atributo,"90","5",Matorral  denso y  verde (h<1 m). Propagación del fuego por la hojarasca y el pasto,Masas mixtas,"111",Monte arbolado. Bosque,"110",Arbolado,"4",Mediterránea,"131",284952.940736,"3","2"
"2210206",MFE25,"25","51","16",5.47186031043,Cataluña,Lleida,"11",Bosque,"65","18",Encinares (Quercus ilex),"1",Uniforme,"45",Quercus ilex,"90","3",Latizal,"0",sin datos,"0","0",Sin datos,"0",sin datos,"0","0",Sin datos,"25","160",Garrigas (matorrales pluriespecíficos calcícolas + termófilos),"5","10","0",,"0",Sin atributo,"100","5",Matorral  denso y  verde (h<1 m). Propagación del fuego por la hojarasca y el pasto,Frondosas,"111",Monte arbolado. Bosque,"110",Arbolado,"4",Mediterránea,"111",54718.6031043,"3","2"
"3048288",MFE25,"25","51","65",28.4952940736,Cataluña,Lleida,"11",Bosque,"45","403",Mezcla de coníferas y frondosas autóctonas en la región biogeográfica Mediterránea,"6",Discontinua irregular,"45",Quercus ilex,"30","3",Latizal,"237",Juniperus oxycedrus,"30","2",Monte bravo,"39",Juniperus phoenicea,"30","1",Repoblado,"40","160",Garrigas (matorrales pluriespecíficos calcícolas + termófilos),"4","5","0",,"0",Sin atributo,"90","5",Matorral  denso y  verde (h<1 m). Propagación del fuego por la hojarasca y el pasto,Masas mixtas,"111",Monte arbolado. Bosque,"110",Arbolado,"4",Mediterránea,"131",284952.940736,"9","3"
"2210206",MFE25,"25","51","16",5.47186031043,Cataluña,Lleida,"11",Bosque,"65","18",Encinares (Quercus ilex),"1",Uniforme,"45",Quercus ilex,"90","3",Latizal,"0",sin datos,"0","0",Sin datos,"0",sin datos,"0","0",Sin datos,"25","160",Garrigas (matorrales pluriespecíficos calcícolas + termófilos),"5","10","0",,"0",Sin atributo,"100","5",Matorral  denso y  verde (h<1 m). Propagación del fuego por la hojarasca y el pasto,Frondosas,"111",Monte arbolado. Bosque,"110",Arbolado,"4",Mediterránea,"111",54718.6031043,"1","1"
"3048288",MFE25,"25","51","65",28.4952940736,Cataluña,Lleida,"11",Bosque,"45","403",Mezcla de coníferas y frondosas autóctonas en la región biogeográfica Mediterránea,"6",Discontinua irregular,"45",Quercus ilex,"30","3",Latizal,"237",Juniperus oxycedrus,"30","2",Monte bravo,"39",Juniperus phoenicea,"30","1",Repoblado,"40","160",Garrigas (matorrales pluriespecíficos calcícolas + termófilos),"4","5","0",,"0",Sin atributo,"90","5",Matorral  denso y  verde (h<1 m). Propagación del fuego por la hojarasca y el pasto,Masas mixtas,"111",Monte arbolado. Bosque,"110",Arbolado,"4",Mediterránea,"131",284952.940736,"128","4"
"2414821",MFE25,"25","51","65",11.6374212742,Cataluña,Lleida,"11",Bosque,"40","403",Mezcla de coníferas y frondosas autóctonas en la región biogeográfica Mediterránea,"6",Discontinua irregular,"237",Juniperus oxycedrus,"40","2",Monte bravo,"45",Quercus ilex,"30","3",Latizal,"24",Pinus halepensis,"20","2",Monte bravo,"40","160",Garrigas (matorrales pluriespecíficos calcícolas + termófilos),"10","15","0",,"0",Sin atributo,"95","5",Matorral  denso y  verde (h<1 m). Propagación del fuego por la hojarasca y el pasto,Masas mixtas,"111",Monte arbolado. Bosque,"110",Arbolado,"4",Mediterránea,"131",116374.212742,"9","3"
"2414821",MFE25,"25","51","65",11.6374212742,Cataluña,Lleida,"11",Bosque,"40","403",Mezcla de coníferas y frondosas autóctonas en la región biogeográfica Mediterránea,"6",Discontinua irregular,"237",Juniperus oxycedrus,"40","2",Monte bravo,"45",Quercus ilex,"30","3",Latizal,"24",Pinus halepensis,"20","2",Monte bravo,"40","160",Garrigas (matorrales pluriespecíficos calcícolas + termófilos),"10","15","0",,"0",Sin atributo,"95","5",Matorral  denso y  verde (h<1 m). Propagación del fuego por la hojarasca y el pasto,Masas mixtas,"111",Monte arbolado. Bosque,"110",Arbolado,"4",Mediterránea,"131",116374.212742,"128","4"
"2414938",MFE25,"25","51","17",4.05972383826,Cataluña,Lleida,"11",Bosque,"10","18",Encinares (Quercus ilex),"6",Discontinua irregular,"45",Quercus ilex,"90","3",Latizal,"0",sin datos,"0","0",Sin datos,"0",sin datos,"0","0",Sin datos,"80","160",Garrigas (matorrales pluriespecíficos calcícolas + termófilos),"5","10","0",,"0",Sin atributo,"100","5",Matorral  denso y  verde (h<1 m). Propagación del fuego por la hojarasca y el pasto,Frondosas,"121",Monte con arbolado ralo. Bosque,"120",Arbolado ralo,"4",Mediterránea,"210",40597.2383826,"128","4"
"3048332",MFE25,"25","51","17",66.5945942481,Cataluña,Lleida,"11",Bosque,"35","18",Encinares (Quercus ilex),"1",Uniforme,"45",Quercus ilex,"80","3",Latizal,"37",Juniperus communis,"10","2",Monte bravo,"0",sin datos,"0","0",Sin datos,"35","160",Garrigas (matorrales pluriespecíficos calcícolas + termófilos),"3","30","0",,"0",Sin atributo,"100","5",Matorral  denso y  verde (h<1 m). Propagación del fuego por la hojarasca y el pasto,Frondosas,"111",Monte arbolado. Bosque,"110",Arbolado,"4",Mediterránea,"111",665945.942481,"1","1"
"2414938",MFE25,"25","51","17",4.05972383826,Cataluña,Lleida,"11",Bosque,"10","18",Encinares (Quercus ilex),"6",Discontinua irregular,"45",Quercus ilex,"90","3",Latizal,"0",sin datos,"0","0",Sin datos,"0",sin datos,"0","0",Sin datos,"80","160",Garrigas (matorrales pluriespecíficos calcícolas + termófilos),"5","10","0",,"0",Sin atributo,"100","5",Matorral  denso y  verde (h<1 m). Propagación del fuego por la hojarasca y el pasto,Frondosas,"121",Monte con arbolado ralo. Bosque,"120",Arbolado ralo,"4",Mediterránea,"210",40597.2383826,"9","3"
"2414938",MFE25,"25","51","17",4.05972383826,Cataluña,Lleida,"11",Bosque,"10","18",Encinares (Quercus ilex),"6",Discontinua irregular,"45",Quercus ilex,"90","3",Latizal,"0",sin datos,"0","0",Sin datos,"0",sin datos,"0","0",Sin datos,"80","160",Garrigas (matorrales pluriespecíficos calcícolas + termófilos),"5","10","0",,"0",Sin atributo,"100","5",Matorral  denso y  verde (h<1 m). Propagación del fuego por la hojarasca y el pasto,Frondosas,"121",Monte con arbolado ralo. Bosque,"120",Arbolado ralo,"4",Mediterránea,"210",40597.2383826,"3","2"
"2210206",MFE25,"25","51","16",5.47186031043,Cataluña,Lleida,"11",Bosque,"65","18",Encinares (Quercus ilex),"1",Uniforme,"45",Quercus ilex,"90","3",Latizal,"0",sin datos,"0","0",Sin datos,"0",sin datos,"0","0",Sin datos,"25","160",Garrigas (matorrales pluriespecíficos calcícolas + termófilos),"5","10","0",,"0",Sin atributo,"100","5",Matorral  denso y  verde (h<1 m). Propagación del fuego por la hojarasca y el pasto,Frondosas,"111",Monte arbolado. Bosque,"110",Arbolado,"4",Mediterránea,"111",54718.6031043,"128","4"
"2414938",MFE25,"25","51","17",4.05972383826,Cataluña,Lleida,"11",Bosque,"10","18",Encinares (Quercus ilex),"6",Discontinua irregular,"45",Quercus ilex,"90","3",Latizal,"0",sin datos,"0","0",Sin datos,"0",sin datos,"0","0",Sin datos,"80","160",Garrigas (matorrales pluriespecíficos calcícolas + termófilos),"5","10","0",,"0",Sin atributo,"100","5",Matorral  denso y  verde (h<1 m). Propagación del fuego por la hojarasca y el pasto,Frondosas,"121",Monte con arbolado ralo. Bosque,"120",Arbolado ralo,"4",Mediterránea,"210",40597.2383826,"1","1"
"2416918",MFE25,"25","51","50",5.57196044112,Cataluña,Lleida,"14",Bosque de Galería,"80","33",Bosque ribereño,"1",Uniforme,"55",Fraxinus angustifolia,"50","3",Latizal,"58",Populus nigra,"30","4",Fustal,"243",Quercus humilis (Q. Pubescens),"20","3",Latizal,"10","111","Orlas, espinares mesófilos mixtos y afines (dom. Rosaceae)","17","10","0",,"0",Sin atributo,"100","7","Matorral de especies muy inflamables (h: 0,5-2 m) situado como sotobosque de masas de coníferas",Frondosas,"115",Monte arbolado. Ribera arbolada,"110",Arbolado,"4",Mediterránea,"111",55719.6044112,"1","1"
"3048286",MFE25,"25","51","82",12.4082466491,Cataluña,Lleida,"11",Bosque,"20","6",Sabinares de Juniperus phoenicea,"6",Discontinua irregular,"39",Juniperus phoenicea,"60","2",Monte bravo,"45",Quercus ilex,"20","3",Latizal,"237",Juniperus oxycedrus,"20","2",Monte bravo,"45","160",Garrigas (matorrales pluriespecíficos calcícolas + termófilos),"4","35","0",,"0",Sin atributo,"100","5",Matorral  denso y  verde (h<1 m). Propagación del fuego por la hojarasca y el pasto,Coníferas,"111",Monte arbolado. Bosque,"110",Arbolado,"4",Mediterránea,"121",124082.466491,"128","4"
"2418886",MFE25,"25","51","17",11.1471702975,Cataluña,Lleida,"11",Bosque,"10","18",Encinares (Quercus ilex),"6",Discontinua irregular,"45",Quercus ilex,"70","3",Latizal,"243",Quercus humilis (Q. Pubescens),"20","3",Latizal,"0",sin datos,"0","0",Sin datos,"70","160",Garrigas (matorrales pluriespecíficos calcícolas + termófilos),"5","15","0",,"0",Sin atributo,"95","5",Matorral  denso y  verde (h<1 m). Propagación del fuego por la hojarasca y el pasto,Frondosas,"121",Monte con arbolado ralo. Bosque,"120",Arbolado ralo,"4",Mediterránea,"210",111471.702975,"1","1"
"2210198",MFE25,"25","51","17",8.15286150106,Cataluña,Lleida,"11",Bosque,"35","18",Encinares (Quercus ilex),"1",Uniforme,"45",Quercus ilex,"90","3",Latizal,"0",sin datos,"0","0",Sin datos,"0",sin datos,"0","0",Sin datos,"50","160",Garrigas (matorrales pluriespecíficos calcícolas + termófilos),"5","10","0",,"0",Sin atributo,"95","5",Matorral  denso y  verde (h<1 m). Propagación del fuego por la hojarasca y el pasto,Frondosas,"111",Monte arbolado. Bosque,"110",Arbolado,"4",Mediterránea,"111",81528.6150106,"3","2"
"2418886",MFE25,"25","51","17",11.1471702975,Cataluña,Lleida,"11",Bosque,"10","18",Encinares (Quercus ilex),"6",Discontinua irregular,"45",Quercus ilex,"70","3",Latizal,"243",Quercus humilis (Q. Pubescens),"20","3",Latizal,"0",sin datos,"0","0",Sin datos,"70","160",Garrigas (matorrales pluriespecíficos calcícolas + termófilos),"5","15","0",,"0",Sin atributo,"95","5",Matorral  denso y  verde (h<1 m). Propagación del fuego por la hojarasca y el pasto,Frondosas,"121",Monte con arbolado ralo. Bosque,"120",Arbolado ralo,"4",Mediterránea,"210",111471.702975,"3","2"
"2210198",MFE25,"25","51","17",8.15286150106,Cataluña,Lleida,"11",Bosque,"35","18",Encinares (Quercus ilex),"1",Uniforme,"45",Quercus ilex,"90","3",Latizal,"0",sin datos,"0","0",Sin datos,"0",sin datos,"0","0",Sin datos,"50","160",Garrigas (matorrales pluriespecíficos calcícolas + termófilos),"5","10","0",,"0",Sin atributo,"95","5",Matorral  denso y  verde (h<1 m). Propagación del fuego por la hojarasca y el pasto,Frondosas,"111",Monte arbolado. Bosque,"110",Arbolado,"4",Mediterránea,"111",81528.6150106,"1","1"
"2418886",MFE25,"25","51","17",11.1471702975,Cataluña,Lleida,"11",Bosque,"10","18",Encinares (Quercus ilex),"6",Discontinua irregular,"45",Quercus ilex,"70","3",Latizal,"243",Quercus humilis (Q. Pubescens),"20","3",Latizal,"0",sin datos,"0","0",Sin datos,"70","160",Garrigas (matorrales pluriespecíficos calcícolas + termófilos),"5","15","0",,"0",Sin atributo,"95","5",Matorral  denso y  verde (h<1 m). Propagación del fuego por la hojarasca y el pasto,Frondosas,"121",Monte con arbolado ralo. Bosque,"120",Arbolado ralo,"4",Mediterránea,"210",111471.702975,"9","3"
"2418886",MFE25,"25","51","17",11.1471702975,Cataluña,Lleida,"11",Bosque,"10","18",Encinares (Quercus ilex),"6",Discontinua irregular,"45",Quercus ilex,"70","3",Latizal,"243",Quercus humilis (Q. Pubescens),"20","3",Latizal,"0",sin datos,"0","0",Sin datos,"70","160",Garrigas (matorrales pluriespecíficos calcícolas + termófilos),"5","15","0",,"0",Sin atributo,"95","5",Matorral  denso y  verde (h<1 m). Propagación del fuego por la hojarasca y el pasto,Frondosas,"121",Monte con arbolado ralo. Bosque,"120",Arbolado ralo,"4",Mediterránea,"210",111471.702975,"128","4"
"2208415",MFE25,"25","51","29",15.7032041761,Cataluña,Lleida,"11",Bosque,"80","14",Robledales de roble pubescente (Quercus humilis),"1",Uniforme,"243",Quercus humilis (Q. Pubescens),"60","3",Latizal,"45",Quercus ilex,"20","3",Latizal,"24",Pinus halepensis,"10","3",Latizal,"10","160",Garrigas (matorrales pluriespecíficos calcícolas + termófilos),"5","10","0",,"0",Sin atributo,"100","7","Matorral de especies muy inflamables (h: 0,5-2 m) situado como sotobosque de masas de coníferas",Frondosas,"111",Monte arbolado. Bosque,"110",Arbolado,"4",Mediterránea,"111",157032.041761,"3","2"
"2210279",MFE25,"25","51","16",8.27544552619,Cataluña,Lleida,"11",Bosque,"45","18",Encinares (Quercus ilex),"1",Uniforme,"45",Quercus ilex,"70","3",Latizal,"243",Quercus humilis (Q. Pubescens),"10","3",Latizal,"237",Juniperus oxycedrus,"10","2",Monte bravo,"40","160",Garrigas (matorrales pluriespecíficos calcícolas + termófilos),"5","10","0",,"0",Sin atributo,"95","5",Matorral  denso y  verde (h<1 m). Propagación del fuego por la hojarasca y el pasto,Frondosas,"111",Monte arbolado. Bosque,"110",Arbolado,"4",Mediterránea,"111",82754.4552619,"1","1"
"2208415",MFE25,"25","51","29",15.7032041761,Cataluña,Lleida,"11",Bosque,"80","14",Robledales de roble pubescente (Quercus humilis),"1",Uniforme,"243",Quercus humilis (Q. Pubescens),"60","3",Latizal,"45",Quercus ilex,"20","3",Latizal,"24",Pinus halepensis,"10","3",Latizal,"10","160",Garrigas (matorrales pluriespecíficos calcícolas + termófilos),"5","10","0",,"0",Sin atributo,"100","7","Matorral de especies muy inflamables (h: 0,5-2 m) situado como sotobosque de masas de coníferas",Frondosas,"111",Monte arbolado. Bosque,"110",Arbolado,"4",Mediterránea,"111",157032.041761,"1","1"
"2210279",MFE25,"25","51","16",8.27544552619,Cataluña,Lleida,"11",Bosque,"45","18",Encinares (Quercus ilex),"1",Uniforme,"45",Quercus ilex,"70","3",Latizal,"243",Quercus humilis (Q. Pubescens),"10","3",Latizal,"237",Juniperus oxycedrus,"10","2",Monte bravo,"40","160",Garrigas (matorrales pluriespecíficos calcícolas + termófilos),"5","10","0",,"0",Sin atributo,"95","5",Matorral  denso y  verde (h<1 m). Propagación del fuego por la hojarasca y el pasto,Frondosas,"111",Monte arbolado. Bosque,"110",Arbolado,"4",Mediterránea,"111",82754.4552619,"513","0"
"2208415",MFE25,"25","51","29",15.7032041761,Cataluña,Lleida,"11",Bosque,"80","14",Robledales de roble pubescente (Quercus humilis),"1",Uniforme,"243",Quercus humilis (Q. Pubescens),"60","3",Latizal,"45",Quercus ilex,"20","3",Latizal,"24",Pinus halepensis,"10","3",Latizal,"10","160",Garrigas (matorrales pluriespecíficos calcícolas + termófilos),"5","10","0",,"0",Sin atributo,"100","7","Matorral de especies muy inflamables (h: 0,5-2 m) situado como sotobosque de masas de coníferas",Frondosas,"111",Monte arbolado. Bosque,"110",Arbolado,"4",Mediterránea,"111",157032.041761,"128","4"
"2208415",MFE25,"25","51","29",15.7032041761,Cataluña,Lleida,"11",Bosque,"80","14",Robledales de roble pubescente (Quercus humilis),"1",Uniforme,"243",Quercus humilis (Q. Pubescens),"60","3",Latizal,"45",Quercus ilex,"20","3",Latizal,"24",Pinus halepensis,"10","3",Latizal,"10","160",Garrigas (matorrales pluriespecíficos calcícolas + termófilos),"5","10","0",,"0",Sin atributo,"100","7","Matorral de especies muy inflamables (h: 0,5-2 m) situado como sotobosque de masas de coníferas",Frondosas,"111",Monte arbolado. Bosque,"110",Arbolado,"4",Mediterránea,"111",157032.041761,"9","3"
"2213247",MFE25,"25","51","50",63.5655393754,Cataluña,Lleida,"14",Bosque de Galería,"75","33",Bosque ribereño,"1",Uniforme,"58",Populus nigra,"50","4",Fustal,"51",Populus alba,"20","3",Latizal,"57",Salix spp.,"20","3",Latizal,"15","110","Setos, orlas, bardas, salcedas, galerías arbustivas etc., en disposicion frecuentemente linear","13","10","0",,"0",Sin atributo,"100","7","Matorral de especies muy inflamables (h: 0,5-2 m) situado como sotobosque de masas de coníferas",Frondosas,"115",Monte arbolado. Ribera arbolada,"110",Arbolado,"4",Mediterránea,"111",635655.393754,"1","1"
"2210198",MFE25,"25","51","17",8.15286150106,Cataluña,Lleida,"11",Bosque,"35","18",Encinares (Quercus ilex),"1",Uniforme,"45",Quercus ilex,"90","3",Latizal,"0",sin datos,"0","0",Sin datos,"0",sin datos,"0","0",Sin datos,"50","160",Garrigas (matorrales pluriespecíficos calcícolas + termófilos),"5","10","0",,"0",Sin atributo,"95","5",Matorral  denso y  verde (h<1 m). Propagación del fuego por la hojarasca y el pasto,Frondosas,"111",Monte arbolado. Bosque,"110",Arbolado,"4",Mediterránea,"111",81528.6150106,"128","4"
"2208415",MFE25,"25","51","29",15.7032041761,Cataluña,Lleida,"11",Bosque,"80","14",Robledales de roble pubescente (Quercus humilis),"1",Uniforme,"243",Quercus humilis (Q. Pubescens),"60","3",Latizal,"45",Quercus ilex,"20","3",Latizal,"24",Pinus halepensis,"10","3",Latizal,"10","160",Garrigas (matorrales pluriespecíficos calcícolas + termófilos),"5","10","0",,"0",Sin atributo,"100","7","Matorral de especies muy inflamables (h: 0,5-2 m) situado como sotobosque de masas de coníferas",Frondosas,"111",Monte arbolado. Bosque,"110",Arbolado,"4",Mediterránea,"111",157032.041761,"513","0"
"2210198",MFE25,"25","51","17",8.15286150106,Cataluña,Lleida,"11",Bosque,"35","18",Encinares (Quercus ilex),"1",Uniforme,"45",Quercus ilex,"90","3",Latizal,"0",sin datos,"0","0",Sin datos,"0",sin datos,"0","0",Sin datos,"50","160",Garrigas (matorrales pluriespecíficos calcícolas + termófilos),"5","10","0",,"0",Sin atributo,"95","5",Matorral  denso y  verde (h<1 m). Propagación del fuego por la hojarasca y el pasto,Frondosas,"111",Monte arbolado. Bosque,"110",Arbolado,"4",Mediterránea,"111",81528.6150106,"9","3"
"2215321",MFE25,"25","51","17",13.5105114914,Cataluña,Lleida,"11",Bosque,"20","18",Encinares (Quercus ilex),"1",Uniforme,"45",Quercus ilex,"70","3",Latizal,"243",Quercus humilis (Q. Pubescens),"20","3",Latizal,"0",sin datos,"0","0",Sin datos,"60","160",Garrigas (matorrales pluriespecíficos calcícolas + termófilos),"5","20","0",,"0",Sin atributo,"100","5",Matorral  denso y  verde (h<1 m). Propagación del fuego por la hojarasca y el pasto,Frondosas,"111",Monte arbolado. Bosque,"110",Arbolado,"4",Mediterránea,"111",135105.114914,"9","3"
"2215321",MFE25,"25","51","17",13.5105114914,Cataluña,Lleida,"11",Bosque,"20","18",Encinares (Quercus ilex),"1",Uniforme,"45",Quercus ilex,"70","3",Latizal,"243",Quercus humilis (Q. Pubescens),"20","3",Latizal,"0",sin datos,"0","0",Sin datos,"60","160",Garrigas (matorrales pluriespecíficos calcícolas + termófilos),"5","20","0",,"0",Sin atributo,"100","5",Matorral  denso y  verde (h<1 m). Propagación del fuego por la hojarasca y el pasto,Frondosas,"111",Monte arbolado. Bosque,"110",Arbolado,"4",Mediterránea,"111",135105.114914,"128","4"
"2414880",MFE25,"25","51","16",8.38389189504,Cataluña,Lleida,"11",Bosque,"55","18",Encinares (Quercus ilex),"1",Uniforme,"45",Quercus ilex,"80","3",Latizal,"24",Pinus halepensis,"10","3",Latizal,"0",sin datos,"0","0",Sin datos,"30","160",Garrigas (matorrales pluriespecíficos calcícolas + termófilos),"5","10","0",,"0",Sin atributo,"95","5",Matorral  denso y  verde (h<1 m). Propagación del fuego por la hojarasca y el pasto,Frondosas,"111",Monte arbolado. Bosque,"110",Arbolado,"4",Mediterránea,"111",83838.9189504,"9","3"
"2414825",MFE25,"25","51","65",19.3919053111,Cataluña,Lleida,"11",Bosque,"50","403",Mezcla de coníferas y frondosas autóctonas en la región biogeográfica Mediterránea,"1",Uniforme,"45",Quercus ilex,"40","3",Latizal,"237",Juniperus oxycedrus,"40","2",Monte bravo,"243",Quercus humilis (Q. Pubescens),"10","3",Latizal,"35","160",Garrigas (matorrales pluriespecíficos calcícolas + termófilos),"8","10","0",,"0",Sin atributo,"95","5",Matorral  denso y  verde (h<1 m). Propagación del fuego por la hojarasca y el pasto,Masas mixtas,"111",Monte arbolado. Bosque,"110",Arbolado,"4",Mediterránea,"131",193919.053111,"9","3"
"2414880",MFE25,"25","51","16",8.38389189504,Cataluña,Lleida,"11",Bosque,"55","18",Encinares (Quercus ilex),"1",Uniforme,"45",Quercus ilex,"80","3",Latizal,"24",Pinus halepensis,"10","3",Latizal,"0",sin datos,"0","0",Sin datos,"30","160",Garrigas (matorrales pluriespecíficos calcícolas + termófilos),"5","10","0",,"0",Sin atributo,"95","5",Matorral  denso y  verde (h<1 m). Propagación del fuego por la hojarasca y el pasto,Frondosas,"111",Monte arbolado. Bosque,"110",Arbolado,"4",Mediterránea,"111",83838.9189504,"128","4"
"2414825",MFE25,"25","51","65",19.3919053111,Cataluña,Lleida,"11",Bosque,"50","403",Mezcla de coníferas y frondosas autóctonas en la región biogeográfica Mediterránea,"1",Uniforme,"45",Quercus ilex,"40","3",Latizal,"237",Juniperus oxycedrus,"40","2",Monte bravo,"243",Quercus humilis (Q. Pubescens),"10","3",Latizal,"35","160",Garrigas (matorrales pluriespecíficos calcícolas + termófilos),"8","10","0",,"0",Sin atributo,"95","5",Matorral  denso y  verde (h<1 m). Propagación del fuego por la hojarasca y el pasto,Masas mixtas,"111",Monte arbolado. Bosque,"110",Arbolado,"4",Mediterránea,"131",193919.053111,"128","4"
"2205251",MFE25,"25","51","16",78.7531634816,Cataluña,Lleida,"11",Bosque,"50","18",Encinares (Quercus ilex),"1",Uniforme,"45",Quercus ilex,"60","3",Latizal,"243",Quercus humilis (Q. Pubescens),"20","3",Latizal,"237",Juniperus oxycedrus,"10","2",Monte bravo,"25","160",Garrigas (matorrales pluriespecíficos calcícolas + termófilos),"4","20","0",,"0",Sin atributo,"95","2","Pasto fino, seco y bajo. Pl leñosas cubren  1/3 a 2/3 de la superficie",Frondosas,"111",Monte arbolado. Bosque,"110",Arbolado,"4",Mediterránea,"111",787531.634816,"1","1"
"2414880",MFE25,"25","51","16",8.38389189504,Cataluña,Lleida,"11",Bosque,"55","18",Encinares (Quercus ilex),"1",Uniforme,"45",Quercus ilex,"80","3",Latizal,"24",Pinus halepensis,"10","3",Latizal,"0",sin datos,"0","0",Sin datos,"30","160",Garrigas (matorrales pluriespecíficos calcícolas + termófilos),"5","10","0",,"0",Sin atributo,"95","5",Matorral  denso y  verde (h<1 m). Propagación del fuego por la hojarasca y el pasto,Frondosas,"111",Monte arbolado. Bosque,"110",Arbolado,"4",Mediterránea,"111",83838.9189504,"1","1"
"2414874",MFE25,"25","51","15",3.13752167406,Cataluña,Lleida,"11",Bosque,"75","18",Encinares (Quercus ilex),"1",Uniforme,"45",Quercus ilex,"70","3",Latizal,"243",Quercus humilis (Q. Pubescens),"10","3",Latizal,"24",Pinus halepensis,"10","4",Fustal,"15","160",Garrigas (matorrales pluriespecíficos calcícolas + termófilos),"5","10","0",,"0",Sin atributo,"100","7","Matorral de especies muy inflamables (h: 0,5-2 m) situado como sotobosque de masas de coníferas",Frondosas,"111",Monte arbolado. Bosque,"110",Arbolado,"4",Mediterránea,"111",31375.2167406,"3","2"
"2205251",MFE25,"25","51","16",78.7531634816,Cataluña,Lleida,"11",Bosque,"50","18",Encinares (Quercus ilex),"1",Uniforme,"45",Quercus ilex,"60","3",Latizal,"243",Quercus humilis (Q. Pubescens),"20","3",Latizal,"237",Juniperus oxycedrus,"10","2",Monte bravo,"25","160",Garrigas (matorrales pluriespecíficos calcícolas + termófilos),"4","20","0",,"0",Sin atributo,"95","2","Pasto fino, seco y bajo. Pl leñosas cubren  1/3 a 2/3 de la superficie",Frondosas,"111",Monte arbolado. Bosque,"110",Arbolado,"4",Mediterránea,"111",787531.634816,"3","2"
"2414880",MFE25,"25","51","16",8.38389189504,Cataluña,Lleida,"11",Bosque,"55","18",Encinares (Quercus ilex),"1",Uniforme,"45",Quercus ilex,"80","3",Latizal,"24",Pinus halepensis,"10","3",Latizal,"0",sin datos,"0","0",Sin datos,"30","160",Garrigas (matorrales pluriespecíficos calcícolas + termófilos),"5","10","0",,"0",Sin atributo,"95","5",Matorral  denso y  verde (h<1 m). Propagación del fuego por la hojarasca y el pasto,Frondosas,"111",Monte arbolado. Bosque,"110",Arbolado,"4",Mediterránea,"111",83838.9189504,"3","2"
"2414857",MFE25,"25","51","65",73.5357643611,Cataluña,Lleida,"11",Bosque,"30","403",Mezcla de coníferas y frondosas autóctonas en la región biogeográfica Mediterránea,"6",Discontinua irregular,"45",Quercus ilex,"30","2",Monte bravo,"237",Juniperus oxycedrus,"30","2",Monte bravo,"24",Pinus halepensis,"20","2",Monte bravo,"45","160",Garrigas (matorrales pluriespecíficos calcícolas + termófilos),"7","25","0",,"0",Sin atributo,"100","5",Matorral  denso y  verde (h<1 m). Propagación del fuego por la hojarasca y el pasto,Masas mixtas,"111",Monte arbolado. Bosque,"110",Arbolado,"4",Mediterránea,"131",735357.643611,"9","3"
"2414874",MFE25,"25","51","15",3.13752167406,Cataluña,Lleida,"11",Bosque,"75","18",Encinares (Quercus ilex),"1",Uniforme,"45",Quercus ilex,"70","3",Latizal,"243",Quercus humilis (Q. Pubescens),"10","3",Latizal,"24",Pinus halepensis,"10","4",Fustal,"15","160",Garrigas (matorrales pluriespecíficos calcícolas + termófilos),"5","10","0",,"0",Sin atributo,"100","7","Matorral de especies muy inflamables (h: 0,5-2 m) situado como sotobosque de masas de coníferas",Frondosas,"111",Monte arbolado. Bosque,"110",Arbolado,"4",Mediterránea,"111",31375.2167406,"9","3"
"2205251",MFE25,"25","51","16",78.7531634816,Cataluña,Lleida,"11",Bosque,"50","18",Encinares (Quercus ilex),"1",Uniforme,"45",Quercus ilex,"60","3",Latizal,"243",Quercus humilis (Q. Pubescens),"20","3",Latizal,"237",Juniperus oxycedrus,"10","2",Monte bravo,"25","160",Garrigas (matorrales pluriespecíficos calcícolas + termófilos),"4","20","0",,"0",Sin atributo,"95","2","Pasto fino, seco y bajo. Pl leñosas cubren  1/3 a 2/3 de la superficie",Frondosas,"111",Monte arbolado. Bosque,"110",Arbolado,"4",Mediterránea,"111",787531.634816,"9","3"
"2216443",MFE25,"25","51","50",3.37400511805,Cataluña,Lleida,"14",Bosque de Galería,"80","33",Bosque ribereño,"1",Uniforme,"58",Populus nigra,"60","4",Fustal,"57",Salix spp.,"20","3",Latizal,"51",Populus alba,"10","4",Fustal,"10","110","Setos, orlas, bardas, salcedas, galerías arbustivas etc., en disposicion frecuentemente linear","13","10","0",,"0",Sin atributo,"100","7","Matorral de especies muy inflamables (h: 0,5-2 m) situado como sotobosque de masas de coníferas",Frondosas,"115",Monte arbolado. Ribera arbolada,"110",Arbolado,"4",Mediterránea,"111",33740.0511805,"1","1"
"2414857",MFE25,"25","51","65",73.5357643611,Cataluña,Lleida,"11",Bosque,"30","403",Mezcla de coníferas y frondosas autóctonas en la región biogeográfica Mediterránea,"6",Discontinua irregular,"45",Quercus ilex,"30","2",Monte bravo,"237",Juniperus oxycedrus,"30","2",Monte bravo,"24",Pinus halepensis,"20","2",Monte bravo,"45","160",Garrigas (matorrales pluriespecíficos calcícolas + termófilos),"7","25","0",,"0",Sin atributo,"100","5",Matorral  denso y  verde (h<1 m). Propagación del fuego por la hojarasca y el pasto,Masas mixtas,"111",Monte arbolado. Bosque,"110",Arbolado,"4",Mediterránea,"131",735357.643611,"128","4"
"2205251",MFE25,"25","51","16",78.7531634816,Cataluña,Lleida,"11",Bosque,"50","18",Encinares (Quercus ilex),"1",Uniforme,"45",Quercus ilex,"60","3",Latizal,"243",Quercus humilis (Q. Pubescens),"20","3",Latizal,"237",Juniperus oxycedrus,"10","2",Monte bravo,"25","160",Garrigas (matorrales pluriespecíficos calcícolas + termófilos),"4","20","0",,"0",Sin atributo,"95","2","Pasto fino, seco y bajo. Pl leñosas cubren  1/3 a 2/3 de la superficie",Frondosas,"111",Monte arbolado. Bosque,"110",Arbolado,"4",Mediterránea,"111",787531.634816,"128","4"
"2414880",MFE25,"25","51","16",8.38389189504,Cataluña,Lleida,"11",Bosque,"55","18",Encinares (Quercus ilex),"1",Uniforme,"45",Quercus ilex,"80","3",Latizal,"24",Pinus halepensis,"10","3",Latizal,"0",sin datos,"0","0",Sin datos,"30","160",Garrigas (matorrales pluriespecíficos calcícolas + termófilos),"5","10","0",,"0",Sin atributo,"95","5",Matorral  denso y  verde (h<1 m). Propagación del fuego por la hojarasca y el pasto,Frondosas,"111",Monte arbolado. Bosque,"110",Arbolado,"4",Mediterránea,"111",83838.9189504,"513","0"
"2414874",MFE25,"25","51","15",3.13752167406,Cataluña,Lleida,"11",Bosque,"75","18",Encinares (Quercus ilex),"1",Uniforme,"45",Quercus ilex,"70","3",Latizal,"243",Quercus humilis (Q. Pubescens),"10","3",Latizal,"24",Pinus halepensis,"10","4",Fustal,"15","160",Garrigas (matorrales pluriespecíficos calcícolas + termófilos),"5","10","0",,"0",Sin atributo,"100","7","Matorral de especies muy inflamables (h: 0,5-2 m) situado como sotobosque de masas de coníferas",Frondosas,"111",Monte arbolado. Bosque,"110",Arbolado,"4",Mediterránea,"111",31375.2167406,"1","1"
"2414889",MFE25,"25","51","16",14.1899766702,Cataluña,Lleida,"11",Bosque,"60","18",Encinares (Quercus ilex),"1",Uniforme,"45",Quercus ilex,"60","3",Latizal,"24",Pinus halepensis,"20","3",Latizal,"243",Quercus humilis (Q. Pubescens),"10","3",Latizal,"15","160",Garrigas (matorrales pluriespecíficos calcícolas + termófilos),"7","25","0",,"0",Sin atributo,"100","5",Matorral  denso y  verde (h<1 m). Propagación del fuego por la hojarasca y el pasto,Frondosas,"111",Monte arbolado. Bosque,"110",Arbolado,"4",Mediterránea,"111",141899.766702,"1","1"
"2414889",MFE25,"25","51","16",14.1899766702,Cataluña,Lleida,"11",Bosque,"60","18",Encinares (Quercus ilex),"1",Uniforme,"45",Quercus ilex,"60","3",Latizal,"24",Pinus halepensis,"20","3",Latizal,"243",Quercus humilis (Q. Pubescens),"10","3",Latizal,"15","160",Garrigas (matorrales pluriespecíficos calcícolas + termófilos),"7","25","0",,"0",Sin atributo,"100","5",Matorral  denso y  verde (h<1 m). Propagación del fuego por la hojarasca y el pasto,Frondosas,"111",Monte arbolado. Bosque,"110",Arbolado,"4",Mediterránea,"111",141899.766702,"3","2"
"2414857",MFE25,"25","51","65",73.5357643611,Cataluña,Lleida,"11",Bosque,"30","403",Mezcla de coníferas y frondosas autóctonas en la región biogeográfica Mediterránea,"6",Discontinua irregular,"45",Quercus ilex,"30","2",Monte bravo,"237",Juniperus oxycedrus,"30","2",Monte bravo,"24",Pinus halepensis,"20","2",Monte bravo,"45","160",Garrigas (matorrales pluriespecíficos calcícolas + termófilos),"7","25","0",,"0",Sin atributo,"100","5",Matorral  denso y  verde (h<1 m). Propagación del fuego por la hojarasca y el pasto,Masas mixtas,"111",Monte arbolado. Bosque,"110",Arbolado,"4",Mediterránea,"131",735357.643611,"513","0"
"2414857",MFE25,"25","51","65",73.5357643611,Cataluña,Lleida,"11",Bosque,"30","403",Mezcla de coníferas y frondosas autóctonas en la región biogeográfica Mediterránea,"6",Discontinua irregular,"45",Quercus ilex,"30","2",Monte bravo,"237",Juniperus oxycedrus,"30","2",Monte bravo,"24",Pinus halepensis,"20","2",Monte bravo,"45","160",Garrigas (matorrales pluriespecíficos calcícolas + termófilos),"7","25","0",,"0",Sin atributo,"100","5",Matorral  denso y  verde (h<1 m). Propagación del fuego por la hojarasca y el pasto,Masas mixtas,"111",Monte arbolado. Bosque,"110",Arbolado,"4",Mediterránea,"131",735357.643611,"1","1"
"2414857",MFE25,"25","51","65",73.5357643611,Cataluña,Lleida,"11",Bosque,"30","403",Mezcla de coníferas y frondosas autóctonas en la región biogeográfica Mediterránea,"6",Discontinua irregular,"45",Quercus ilex,"30","2",Monte bravo,"237",Juniperus oxycedrus,"30","2",Monte bravo,"24",Pinus halepensis,"20","2",Monte bravo,"45","160",Garrigas (matorrales pluriespecíficos calcícolas + termófilos),"7","25","0",,"0",Sin atributo,"100","5",Matorral  denso y  verde (h<1 m). Propagación del fuego por la hojarasca y el pasto,Masas mixtas,"111",Monte arbolado. Bosque,"110",Arbolado,"4",Mediterránea,"131",735357.643611,"3","2"
"2413217",MFE25,"25","51","82",4.32274555004,Cataluña,Lleida,"11",Bosque,"20","7",Enebrales (Juniperus spp.),"6",Discontinua irregular,"37",Juniperus communis,"60","2",Monte bravo,"45",Quercus ilex,"20","2",Monte bravo,"0",sin datos,"0","0",Sin datos,"70","120","Bujedos (Buxus sempervirens, B. balearica)","12","10","0",,"0",Sin atributo,"100","6",Parecido al modelo 5 pero con especies más inflamables o con restos de podasy pl de mayor talla,Coníferas,"111",Monte arbolado. Bosque,"110",Arbolado,"4",Mediterránea,"121",43227.4555004,"128","4"
"2414836",MFE25,"25","51","30",5.85607595853,Cataluña,Lleida,"11",Bosque,"40","14",Robledales de roble pubescente (Quercus humilis),"1",Uniforme,"243",Quercus humilis (Q. Pubescens),"70","2",Monte bravo,"45",Quercus ilex,"20","2",Monte bravo,"0",sin datos,"0","0",Sin datos,"45","160",Garrigas (matorrales pluriespecíficos calcícolas + termófilos),"5","10","0",,"0",Sin atributo,"95","5",Matorral  denso y  verde (h<1 m). Propagación del fuego por la hojarasca y el pasto,Frondosas,"111",Monte arbolado. Bosque,"110",Arbolado,"4",Mediterránea,"111",58560.7595853,"9","3"
"2414836",MFE25,"25","51","30",5.85607595853,Cataluña,Lleida,"11",Bosque,"40","14",Robledales de roble pubescente (Quercus humilis),"1",Uniforme,"243",Quercus humilis (Q. Pubescens),"70","2",Monte bravo,"45",Quercus ilex,"20","2",Monte bravo,"0",sin datos,"0","0",Sin datos,"45","160",Garrigas (matorrales pluriespecíficos calcícolas + termófilos),"5","10","0",,"0",Sin atributo,"95","5",Matorral  denso y  verde (h<1 m). Propagación del fuego por la hojarasca y el pasto,Frondosas,"111",Monte arbolado. Bosque,"110",Arbolado,"4",Mediterránea,"111",58560.7595853,"128","4"
"2414836",MFE25,"25","51","30",5.85607595853,Cataluña,Lleida,"11",Bosque,"40","14",Robledales de roble pubescente (Quercus humilis),"1",Uniforme,"243",Quercus humilis (Q. Pubescens),"70","2",Monte bravo,"45",Quercus ilex,"20","2",Monte bravo,"0",sin datos,"0","0",Sin datos,"45","160",Garrigas (matorrales pluriespecíficos calcícolas + termófilos),"5","10","0",,"0",Sin atributo,"95","5",Matorral  denso y  verde (h<1 m). Propagación del fuego por la hojarasca y el pasto,Frondosas,"111",Monte arbolado. Bosque,"110",Arbolado,"4",Mediterránea,"111",58560.7595853,"1","1"
"2414836",MFE25,"25","51","30",5.85607595853,Cataluña,Lleida,"11",Bosque,"40","14",Robledales de roble pubescente (Quercus humilis),"1",Uniforme,"243",Quercus humilis (Q. Pubescens),"70","2",Monte bravo,"45",Quercus ilex,"20","2",Monte bravo,"0",sin datos,"0","0",Sin datos,"45","160",Garrigas (matorrales pluriespecíficos calcícolas + termófilos),"5","10","0",,"0",Sin atributo,"95","5",Matorral  denso y  verde (h<1 m). Propagación del fuego por la hojarasca y el pasto,Frondosas,"111",Monte arbolado. Bosque,"110",Arbolado,"4",Mediterránea,"111",58560.7595853,"3","2"
"2414836",MFE25,"25","51","30",5.85607595853,Cataluña,Lleida,"11",Bosque,"40","14",Robledales de roble pubescente (Quercus humilis),"1",Uniforme,"243",Quercus humilis (Q. Pubescens),"70","2",Monte bravo,"45",Quercus ilex,"20","2",Monte bravo,"0",sin datos,"0","0",Sin datos,"45","160",Garrigas (matorrales pluriespecíficos calcícolas + termófilos),"5","10","0",,"0",Sin atributo,"95","5",Matorral  denso y  verde (h<1 m). Propagación del fuego por la hojarasca y el pasto,Frondosas,"111",Monte arbolado. Bosque,"110",Arbolado,"4",Mediterránea,"111",58560.7595853,"513","0"
"2204662",MFE25,"25","51","00",3.69098640189,Cataluña,Lleida,"28",Matorral con arbolado disperso,"0","0",No arbolado,"0",No procede,"0",sin datos,"0","0",Sin datos,"0",sin datos,"0","0",Sin datos,"0",sin datos,"0","0",Sin datos,"75","160",Garrigas (matorrales pluriespecíficos calcícolas + termófilos),"5","20","0",,"20",FRONDOSA,"95","5",Matorral  denso y  verde (h<1 m). Propagación del fuego por la hojarasca y el pasto,"-","171",Monte desarbolado con arbolado disperso. Arbolado disperso,"130",Arbolado disperso,"4",Mediterránea,"220",36909.8640189,"1","1"
"2414825",MFE25,"25","51","65",19.3919053111,Cataluña,Lleida,"11",Bosque,"50","403",Mezcla de coníferas y frondosas autóctonas en la región biogeográfica Mediterránea,"1",Uniforme,"45",Quercus ilex,"40","3",Latizal,"237",Juniperus oxycedrus,"40","2",Monte bravo,"243",Quercus humilis (Q. Pubescens),"10","3",Latizal,"35","160",Garrigas (matorrales pluriespecíficos calcícolas + termófilos),"8","10","0",,"0",Sin atributo,"95","5",Matorral  denso y  verde (h<1 m). Propagación del fuego por la hojarasca y el pasto,Masas mixtas,"111",Monte arbolado. Bosque,"110",Arbolado,"4",Mediterránea,"131",193919.053111,"1","1"
"2210279",MFE25,"25","51","16",8.27544552619,Cataluña,Lleida,"11",Bosque,"45","18",Encinares (Quercus ilex),"1",Uniforme,"45",Quercus ilex,"70","3",Latizal,"243",Quercus humilis (Q. Pubescens),"10","3",Latizal,"237",Juniperus oxycedrus,"10","2",Monte bravo,"40","160",Garrigas (matorrales pluriespecíficos calcícolas + termófilos),"5","10","0",,"0",Sin atributo,"95","5",Matorral  denso y  verde (h<1 m). Propagación del fuego por la hojarasca y el pasto,Frondosas,"111",Monte arbolado. Bosque,"110",Arbolado,"4",Mediterránea,"111",82754.4552619,"9","3"
"2414825",MFE25,"25","51","65",19.3919053111,Cataluña,Lleida,"11",Bosque,"50","403",Mezcla de coníferas y frondosas autóctonas en la región biogeográfica Mediterránea,"1",Uniforme,"45",Quercus ilex,"40","3",Latizal,"237",Juniperus oxycedrus,"40","2",Monte bravo,"243",Quercus humilis (Q. Pubescens),"10","3",Latizal,"35","160",Garrigas (matorrales pluriespecíficos calcícolas + termófilos),"8","10","0",,"0",Sin atributo,"95","5",Matorral  denso y  verde (h<1 m). Propagación del fuego por la hojarasca y el pasto,Masas mixtas,"111",Monte arbolado. Bosque,"110",Arbolado,"4",Mediterránea,"131",193919.053111,"3","2"
"2210279",MFE25,"25","51","16",8.27544552619,Cataluña,Lleida,"11",Bosque,"45","18",Encinares (Quercus ilex),"1",Uniforme,"45",Quercus ilex,"70","3",Latizal,"243",Quercus humilis (Q. Pubescens),"10","3",Latizal,"237",Juniperus oxycedrus,"10","2",Monte bravo,"40","160",Garrigas (matorrales pluriespecíficos calcícolas + termófilos),"5","10","0",,"0",Sin atributo,"95","5",Matorral  denso y  verde (h<1 m). Propagación del fuego por la hojarasca y el pasto,Frondosas,"111",Monte arbolado. Bosque,"110",Arbolado,"4",Mediterránea,"111",82754.4552619,"3","2"
"2414874",MFE25,"25","51","15",3.13752167406,Cataluña,Lleida,"11",Bosque,"75","18",Encinares (Quercus ilex),"1",Uniforme,"45",Quercus ilex,"70","3",Latizal,"243",Quercus humilis (Q. Pubescens),"10","3",Latizal,"24",Pinus halepensis,"10","4",Fustal,"15","160",Garrigas (matorrales pluriespecíficos calcícolas + termófilos),"5","10","0",,"0",Sin atributo,"100","7","Matorral de especies muy inflamables (h: 0,5-2 m) situado como sotobosque de masas de coníferas",Frondosas,"111",Monte arbolado. Bosque,"110",Arbolado,"4",Mediterránea,"111",31375.2167406,"128","4"
"2210279",MFE25,"25","51","16",8.27544552619,Cataluña,Lleida,"11",Bosque,"45","18",Encinares (Quercus ilex),"1",Uniforme,"45",Quercus ilex,"70","3",Latizal,"243",Quercus humilis (Q. Pubescens),"10","3",Latizal,"237",Juniperus oxycedrus,"10","2",Monte bravo,"40","160",Garrigas (matorrales pluriespecíficos calcícolas + termófilos),"5","10","0",,"0",Sin atributo,"95","5",Matorral  denso y  verde (h<1 m). Propagación del fuego por la hojarasca y el pasto,Frondosas,"111",Monte arbolado. Bosque,"110",Arbolado,"4",Mediterránea,"111",82754.4552619,"128","4"
"2413217",MFE25,"25","51","82",4.32274555004,Cataluña,Lleida,"11",Bosque,"20","7",Enebrales (Juniperus spp.),"6",Discontinua irregular,"37",Juniperus communis,"60","2",Monte bravo,"45",Quercus ilex,"20","2",Monte bravo,"0",sin datos,"0","0",Sin datos,"70","120","Bujedos (Buxus sempervirens, B. balearica)","12","10","0",,"0",Sin atributo,"100","6",Parecido al modelo 5 pero con especies más inflamables o con restos de podasy pl de mayor talla,Coníferas,"111",Monte arbolado. Bosque,"110",Arbolado,"4",Mediterránea,"121",43227.4555004,"9","3"
"2413188",MFE25,"25","51","65",5.78428165246,Cataluña,Lleida,"11",Bosque,"10","403",Mezcla de coníferas y frondosas autóctonas en la región biogeográfica Mediterránea,"6",Discontinua irregular,"37",Juniperus communis,"40","2",Monte bravo,"243",Quercus humilis (Q. Pubescens),"30","2",Monte bravo,"45",Quercus ilex,"20","2",Monte bravo,"60","120","Bujedos (Buxus sempervirens, B. balearica)","13","30","0",,"0",Sin atributo,"100","6",Parecido al modelo 5 pero con especies más inflamables o con restos de podasy pl de mayor talla,Masas mixtas,"121",Monte con arbolado ralo. Bosque,"120",Arbolado ralo,"4",Mediterránea,"210",57842.8165246,"1","1"
